subject,mean,trimmed mean,median,variance,standard deviation,mean deviation,median absolute deviation
math,67.17262512768131,67.10445859872611,67.0,212.24522122026775,14.568638276114475,10.0,10.0
riding,69.7170582226762,69.82547770700637,70.0,196.82886004875388,14.029570914634341,10.0,10.0
writing,68.46475995914199,68.52484076433122,68.0,222.11608815806787,14.903559580116015,10.0,10.0
